{"options":{},"indexes":[{"v":{"$numberInt":"2"},"key":{"_id":{"$numberInt":"1"}},"name":"_id_","ns":"strapi.posts"},{"v":{"$numberInt":"2"},"key":{"title":{"$numberInt":"1"}},"name":"title_1","ns":"strapi.posts","background":true},{"v":{"$numberInt":"2"},"key":{"projectTitle":{"$numberInt":"1"}},"name":"projectTitle_1","ns":"strapi.posts","background":true},{"v":{"$numberInt":"2"},"key":{"status":{"$numberInt":"1"}},"name":"status_1","ns":"strapi.posts","background":true},{"v":{"$numberInt":"2"},"key":{"email":{"$numberInt":"1"}},"name":"email_1","ns":"strapi.posts","background":true},{"v":{"$numberInt":"2"},"key":{"phone":{"$numberInt":"1"}},"name":"phone_1","ns":"strapi.posts","background":true},{"v":{"$numberInt":"2"},"key":{"finacialSupport":{"$numberInt":"1"}},"name":"finacialSupport_1","ns":"strapi.posts","background":true},{"v":{"$numberInt":"2"},"key":{"dateSubmitted":{"$numberInt":"1"}},"name":"dateSubmitted_1","ns":"strapi.posts","background":true}],"uuid":"1948831d904a472d841261a6daf104b9"}