{"options":{},"indexes":[{"v":{"$numberInt":"2"},"key":{"_id":{"$numberInt":"1"}},"name":"_id_","ns":"strapi.posts"},{"v":{"$numberInt":"2"},"key":{"dateSubmitted":{"$numberInt":"1"}},"name":"dateSubmitted_1","ns":"strapi.posts","background":true},{"v":{"$numberInt":"2"},"key":{"projectTitle":{"$numberInt":"1"}},"name":"projectTitle_1","ns":"strapi.posts","background":true},{"v":{"$numberInt":"2"},"key":{"phone":{"$numberInt":"1"}},"name":"phone_1","ns":"strapi.posts","background":true}],"uuid":"7d7552fd1e7f4bbbb21eae802723fbb8"}